Author,Title,Epub.No
"Dickens, Charles, 1812-1870",A Tale of Two Cities,98
"Stoker, Bram, 1847-1912",Dracula,345
"Swift, Jonathan, 1667-1745","A Modest Proposal For preventing the children of poor people in Ireland, from being a burden on their parents or country, and for making them beneficial to the publick",1080
"Rizal, José, 1861-1896","Ang ""Filibusterismo"" (Karugtóng ng Noli Me Tangere)",47629
"Dickens, Charles, 1812-1870",Great Expectations,1400
"Stevenson, Robert Louis, 1850-1894",The Strange Case of Dr. Jekyll and Mr. Hyde,43
"Brontë, Charlotte, 1816-1855",Jane Eyre: An Autobiography,1260
"Rizal, José, 1861-1896",Noli Me Tangere,20228
"Hawthorne, Nathaniel, 1804-1864",The Scarlet Letter,25344
"Twain, Mark, 1835-1910",Adventures of Huckleberry Finn,76
"Doyle, Arthur Conan, 1859-1930",The Adventures of Sherlock Holmes,1661
"Dostoyevsky, Fyodor, 1821-1881",The Brothers Karamazov,28054
"Conrad, Joseph, 1857-1924",Heart of Darkness,219
"Homer, 751? BCE-651? BCE",The Iliad,6130
"Du Bois, W. E. B. (William Edward Burghardt), 1868-1963",The Souls of Black Folk,408
"Joyce, James, 1882-1941",Ulysses,4300
"Cervantes Saavedra, Miguel de, 1547-1616",Don Quijote,2000
"Grimm, Jacob, 1785-1863",Grimms' Fairy Tales,2591
"Rizal, José, 1861-1896",The Reign of Greed,10676
"Tolstoy, Leo, graf, 1828-1910",War and Peace,2600
"Brontë, Emily, 1818-1848",Wuthering Heights,768
"Machiavelli, Niccolò, 1469-1527",The Prince,1232
"Nietzsche, Friedrich Wilhelm, 1844-1900",Thus Spake Zarathustra: A Book for All and None,1998
"Homer, 751? BCE-651? BCE",The OdysseyRendered into English prose for the use of those who cannot read the original,1727
"Dickens, Charles, 1812-1870",A Christmas Carol in Prose; Being a Ghost Story of Christmas,46
Vatsyayana,"The Kama Sutra of VatsyayanaTranslated From the Sanscrit in Seven Parts With Preface, Introduction and Concluding Remarks",27827
"Joyce, James, 1882-1941",Dubliners,2814
"Twain, Mark, 1835-1910","The Adventures of Tom Sawyer, Complete",74
"Thoreau, Henry David, 1817-1862","Walden, and On The Duty Of Civil Disobedience",205
Anonymous,The Romance of Lust: A classic Victorian erotic novel,30254
"Dante Alighieri, 1265-1321",The divine comedy,8800
"Dumas, Alexandre, 1802-1870",The Count of Monte Cristo,1184
"Hobbes, Thomas, 1588-1679",Leviathan,3207
"Cervantes Saavedra, Miguel de, 1547-1616",Don Quixote,996
"Nietzsche, Friedrich Wilhelm, 1844-1900",Beyond Good and Evil,4363
"Montgomery, L. M. (Lucy Maud), 1874-1942",Anne of Green Gables,45
"Plato, 428? BCE-348? BCE",The Republic,1497
"Dostoyevsky, Fyodor, 1821-1881",Notes from the Underground,600
"Milne, A. A. (Alan Alexander), 1882-1956",Winnie-the-Pooh,67098
"Alcott, Louisa May, 1832-1888",Little Women,514
"Stevenson, Robert Louis, 1850-1894",Treasure Island,120
"Doyle, Arthur Conan, 1859-1930",A Study in Scarlet,244
"Wells, H. G. (Herbert George), 1866-1946",The War of the Worlds,36
"Locke, John, 1632-1704",Second Treatise of Government,7370
"Shelley, Mary Wollstonecraft, 1797-1851","Frankenstein; Or, The Modern Prometheus",41445
"Gibbon, Edward, 1737-1794",The History of the Decline and Fall of the Roman EmpireTable of Contents with links in the HTML file to the two Project Gutenberg editions (12 volumes),25717
"Gibran, Kahlil, 1883-1931",The Prophet,58585
,The King James Version of the Bible,10
"Thompson, Silvanus P. (Silvanus Phillips), 1851-1916",Calculus Made EasyBeing a very-simplest introduction to those beautiful methods which are generally called by the terrifying names of the Differential Calculus and the Integral Calculus,33283
"Baum, L. Frank (Lyman Frank), 1856-1919",The Wonderful Wizard of Oz,55
"Barrie, J. M. (James Matthew), 1860-1937",Peter Pan,16
"Chambers, Robert W. (Robert William), 1865-1933",The King in Yellow,8492
"Marcus Aurelius, Emperor of Rome, 121-180",Meditations,2680
"Austen, Jane, 1775-1817",Emma,158
"Doyle, Arthur Conan, 1859-1930",The Hound of the Baskervilles,2852
"Le Fanu, Joseph Sheridan, 1814-1873",Carmilla,10007
"Douglass, Frederick, 1818-1895","Narrative of the Life of Frederick Douglass, an American Slave",23
"Dickens, Charles, 1812-1870",Oliver Twist,730
"Dostoyevsky, Fyodor, 1821-1881","White Nights and Other StoriesThe Novels of Fyodor Dostoevsky, Volume X",36034
"Wells, H. G. (Herbert George), 1866-1946",The Time Machine,35
"Jacobs, Harriet A. (Harriet Ann), 1813-1897","Incidents in the Life of a Slave Girl, Written by Herself",11030
Valmiki,"The Rámáyan of Válmíki, translated into English verse",24869
"Hugo, Victor, 1802-1885",Les Misérables,135
"Swift, Jonathan, 1667-1745",Gulliver's Travels into Several Remote Nations of the World,829
"Augustine, Saint, Bishop of Hippo, 354-430",The Confessions of St. Augustine,3296
"Rizal, José, 1861-1896",The Philippines a Century Hence,35899
"Shaw, Bernard, 1856-1950",Pygmalion,3825
"Austen, Jane, 1775-1817",Sense and Sensibility,161
"Austen, Jane, 1775-1817",Persuasion,105
"Russell, Bertrand, 1872-1970",The Problems of Philosophy,5827
"Glaspell, Susan, 1882?-1948",Plays,10623
"Salten, Felix, 1869-1945",Josefine Mutzenbacheroder Die Geschichte einer Wienerischen Dirne von ihr selbst erzählt,31284
"Joyce, James, 1882-1941",A Portrait of the Artist as a Young Man,4217
"Carroll, Lewis, 1832-1898",Through the Looking-Glass,12
,Beowulf: An Anglo-Saxon Epic Poem,16328
"Irving, Washington, 1783-1859",The Legend of Sleepy Hollow,41
"Shelley, Mary Wollstonecraft, 1797-1851","Frankenstein; Or, The Modern Prometheus",42324
"Equiano, Olaudah, 1745-1797","The Interesting Narrative of the Life of Olaudah Equiano, Or Gustavus Vassa, The AfricanWritten By Himself",15399
"Platt, Rutherford Hayes, 1894-1975",The First Book of Adam and Eve,398
"Wittgenstein, Ludwig, 1889-1951",Tractatus Logico-Philosophicus,5740
"Figueiredo, Cândido de, 1846-1925",Novo dicionário da língua portuguesa,31552
"Josephus, Flavius, 38?-100?",Antiquities of the Jews,2848
Strabo,"The Geography of Strabo, Volume 1 (of 3)Literally Translated, with Notes",44884
"Dexter, Timothy, 1747-1806",A Pickle for the Knowing Ones,43453
"Tolstoy, Leo, graf, 1828-1910",Anna Karenina,1399
"Balagtas, Francisco, 1788-1862",Florante at Laura,15845
"Kant, Immanuel, 1724-1804",The Critique of Pure Reason,4280
"Christie, Agatha, 1890-1976",The murder of Roger Ackroyd,69087
"Voltaire, 1694-1778",Candide,19942
"Rizal, José, 1861-1896",The Social Cancer: A Complete English Version of Noli Me Tangere,6737
"Poe, Edgar Allan, 1809-1849",The Works of Edgar Allan Poe — Volume 2,2148
"Hall, J. R. Clark (John R. Clark), 1855-",A Concise Anglo-Saxon DictionaryFor the Use of Students,31543
"Defoe, Daniel, 1661?-1731",The Life and Adventures of Robinson Crusoe,521
"Marlowe, Christopher, 1564-1593",The Tragical History of Doctor FaustusFrom the Quarto of 1604,779
"Engels, Friedrich, 1820-1895",The Communist Manifesto,61
"Chopin, Kate, 1850-1904","The Awakening, and Selected Short Stories",160
"Malory, Thomas, Sir, -1471",Le Morte d'Arthur: Volume 1,1251
"Milton, John, 1608-1674",Paradise Lost,26
Arrian,"The Anabasis of Alexanderor, The History of the Wars and Conquests of Alexander the Great",46976
"Proust, Marcel, 1871-1922",Du côté de chez Swann,2650
"Aristotle, 385 BCE-323 BCE",The Ethics of Aristotle,8438
"Mill, John Stuart, 1806-1873",On Liberty,34901
"Locke, John, 1632-1704","An Essay Concerning Humane Understanding, Volume 1MDCXC, Based on the 2nd Edition, Books 1 and 2",10615
"Augustine, Saint, Bishop of Hippo, 354-430","The City of God, Volume I",45304
"Franklin, Benjamin, 1706-1790",Autobiography of Benjamin Franklin,20203
"London, Jack, 1876-1916",The call of the wild,215
"Strunk, William, 1869-1946",The Elements of Style,37134
"Synge, J. M. (John Millington), 1871-1909",Riders to the Sea,994
"Song, Shangjie, 1901-1944",灵历集光,25716
"Blake, William, 1757-1827",Songs of Innocence and of Experience,1934
"Thucydides, 456? BCE-396 BCE",The History of the Peloponnesian War,7142
"Hesse, Hermann, 1877-1962",Siddhartha,2500
"Stowe, Harriet Beecher, 1811-1896",Uncle Tom's Cabin,203
"Rand, Ayn, 1905-1982",Anthem,1250
"Shakespeare, William, 1564-1616",The TempestThe Works of William Shakespeare [Cambridge Edition] [9 vols.],23042
"Austen, Jane, 1775-1817",Northanger Abbey,121
"Sunzi, active 6th century B.C.",The Art of War,132
"Dickens, Charles, 1812-1870",Hard Times,786
"Verne, Jules, 1828-1905",Twenty Thousand Leagues under the Sea,164
"Thurston, Edgar, 1855-1935",Castes and Tribes of Southern India. Vol. 6 of 7,42996
"Dostoyevsky, Fyodor, 1821-1881",The Idiot,2638
"Burnett, Frances Hodgson, 1849-1924",The Secret Garden,17396
"Byron, George Gordon Byron, Baron, 1788-1824",Childe Harold's Pilgrimage,5131
"Kipling, Rudyard, 1865-1936",The Jungle Book,236
"Kafka, Franz, 1883-1924",The Trial,7849
"Jerome, Jerome K. (Jerome Klapka), 1859-1927",Three Men in a Boat (To Say Nothing of the Dog),308
"Pascal, Blaise, 1623-1662",Pascal's Pensées,18269
"Flaubert, Gustave, 1821-1880",Madame Bovary,2413
"James, Henry, 1843-1916",The Turn of the Screw,209
"Thoreau, Henry David, 1817-1862",On the Duty of Civil Disobedience,71
"Shakespeare, William, 1564-1616","Hamlet, Prince of Denmark",27761
"Tod, James, 1782-1835","Annals and Antiquities of Rajasthan, v. 1 of 3or the Central and Western Rajput States of India",57374
"Kafka, Franz, 1883-1924",Die Verwandlung,22367
"Spinoza, Benedictus de, 1632-1677",Ethics,3800
"Wilde, Oscar, 1854-1900","The Happy Prince, and Other Tales",902
"Hoffmann, Heinrich, 1809-1894",Struwwelpeter: Merry Stories and Funny Pictures,12116
"Dick, Philip K., 1928-1982",The Eyes Have It,31516
"Spenser, Edmund, 1552?-1599","Spenser's The Faerie Queene, Book I",15272
"Shakespeare, William, 1564-1616","Hamlet, Prince of Denmark",1524
"Rizal, José, 1861-1896",Mi Ultimo Adiós,18600
"Shakespeare, William, 1564-1616",A Midsummer Night's Dream,1514
"Gibbon, Edward, 1737-1794",History of the Decline and Fall of the Roman Empire — Volume 2,732
"Shakespeare, William, 1564-1616",Macbeth,1533
"Twain, Mark, 1835-1910",A Connecticut Yankee in King Arthur's Court,86
"Vonnegut, Kurt, 1922-2007",2 B R 0 2 B,21279
"Semple, Ellen Churchill, 1863-1932",Influences of Geographic EnvironmentOn the Basis of Ratzel's System of Anthropo-Geography,15293
"Nietzsche, Friedrich Wilhelm, 1844-1900","The Genealogy of MoralsThe Complete Works, Volume Thirteen, edited by Dr. Oscar Levy.",52319
"Twain, Mark, 1835-1910",The Prince and the Pauper,1837
"Sinclair, Upton, 1878-1968",The Jungle,140
"Milton, John, 1608-1674",El paraíso perdido,67092
"Ward, Grady, 1951-",Moby Word Lists,3201
"Dickens, Charles, 1812-1870",David Copperfield,766
"Bradley, A. C. (Andrew Cecil), 1851-1935","Shakespearean Tragedy: Lectures on Hamlet, Othello, King Lear, Macbeth",16966
"Darwin, Charles, 1809-1882","De afstamming van den mensch en de seksueele teeltkeus, deel 2 (van 2)",73246
"Ibsen, Henrik, 1828-1906",An Enemy of the People,2446
,"The Thousand and One Nights, Vol. I.Commonly Called the Arabian Nights' Entertainments",34206
"Byron, George Gordon Byron, Baron, 1788-1824",Don Juan,21700
"Bierce, Ambrose, 1842-1914?",An Occurrence at Owl Creek Bridge,375
"Tocqueville, Alexis de, 1805-1859",Democracy in America — Volume 1,815
"Hawthorne, Nathaniel, 1804-1864",Mosses from an old manse,512
"Hume, David, 1711-1776",An Enquiry Concerning Human Understanding,9662
"Potter, Beatrix, 1866-1943",The Tale of Peter Rabbit,14838
"Doyle, Arthur Conan, 1859-1930",The Sign of the Four,2097
"Darwin, Charles, 1809-1882","On the Origin of Species By Means of Natural SelectionOr, the Preservation of Favoured Races in the Struggle for Life",1228
"Homer, 751? BCE-651? BCE",La Odisea,58221
"Christie, Agatha, 1890-1976",The Mysterious Affair at Styles,863
"Chaucer, Geoffrey, 1343?-1400","Chaucer's Works, Volume 4 — The Canterbury Tales",22120
"Goethe, Johann Wolfgang von, 1749-1832",Faust [part 1]. Translated Into English in the Original Metres,14591
"Bierce, Ambrose, 1842-1914?",The Devil's Dictionary,972
"Twain, Mark, 1835-1910",The Innocents Abroad,3176
"Homer, 751? BCE-651? BCE",The Iliad,2199
"Chateaubriand, François-René, vicomte de, 1768-1848","The Memoirs of François René Vicomte de Chateaubriand sometime Ambassador to England, Volume 2 (of 6)Mémoires d'outre-tombe, volume 2",54788
"Goethe, Johann Wolfgang von, 1749-1832",The Sorrows of Young Werther,2527
"Ticknor, George, 1791-1871","History of Spanish Literature, vol. 3 (of 3)",56490
"More, Thomas, Saint, 1478-1535",Utopia,2130
"Campbell, James M., 1846-1903","History of GujarátGazetteer of the Bombay Presidency, Volume I, Part I.",54652
"Nietzsche, Friedrich Wilhelm, 1844-1900",The Antichrist,19322
"Paine, Thomas, 1737-1809",Common Sense,147
"Wells, H. G. (Herbert George), 1866-1946",The island of Doctor Moreau,159
"Chekhov, Anton Pavlovich, 1860-1904",The Sea-Gull,1754
"Woolf, Virginia, 1882-1941",Mrs. Dalloway,71865
"Clausewitz, Carl von, 1780-1831",On War,1946
"Hugo, Victor, 1802-1885",Les misérables Tome I: Fantine,17489
"Ovid, 44 BCE-18?","The Metamorphoses of Ovid, Books I-VII",21765
"Verne, Jules, 1828-1905",Around the World in Eighty Days,103
"Chekhov, Anton Pavlovich, 1860-1904",Uncle Vanya: Scenes from Country Life in Four Acts,1756
"Austen, Jane, 1775-1817",Mansfield Park,141
"Boccaccio, Giovanni, 1313-1375",The Decameron of Giovanni Boccaccio,23700
"Kipling, Rudyard, 1865-1936",Just So Stories,2781
"London, Jack, 1876-1916",White Fang,910
"Melville, Herman, 1819-1891","Bartleby, the Scrivener: A Story of Wall-Street",11231
"Herzl, Theodor, 1860-1904",The Jewish State,25282
"Sophocles, 496? BCE-407 BCE",Oedipus King of ThebesTranslated into English Rhyming Verse with Explanatory Notes,27673
"Blake, William, 1757-1827",The Marriage of Heaven and Hell,45315
"Aristophanes, 447? BCE-386? BCE",Lysistrata,7700
"Lincoln, Abraham, 1809-1865","The Papers and Writings of Abraham Lincoln, Complete",3253
"Hemingway, Ernest, 1899-1961",The Sun Also Rises,67138
"Plato, 428? BCE-348? BCE",Phaedrus,1636
"Luce, Edmund",Helps to Latin Translation at Sight,28890
"Wells, H. G. (Herbert George), 1866-1946",The Outline of History: Being a Plain History of Life and Mankind,45368
"Whitman, Walt, 1819-1892",Leaves of Grass,1322
"Maupassant, Guy de, 1850-1893",Complete Original Short Stories of Guy De Maupassant,3090
"Baudelaire, Charles, 1821-1867",The Flowers of Evil,36098
"Dante Alighieri, 1265-1321","Divine Comedy, Longfellow's Translation, Hell",1001
"Cleland, John, 1709-1789","Memoirs of Fanny HillA New and Genuine Edition from the Original Text (London, 1749)",25305
"Dostoyevsky, Fyodor, 1821-1881",The Possessed (The Devils),8117
"Bagwell, Richard, 1840-1918","Ireland under the Tudors, with a Succinct Account of the Earlier History. Vol. 2 (of 3)",48334
"Riis, Jacob A. (Jacob August), 1849-1914",How the Other Half Lives: Studies Among the Tenements of New York,45502
"Aesop, 621? BCE-565? BCE",Aesop's Fables; a new translation,11339
"Wells, H. G. (Herbert George), 1866-1946",The Invisible Man: A Grotesque Romance,5230
"Montaigne, Michel de, 1533-1592",Essays of Michel de Montaigne — Complete,3600
"Ibsen, Henrik, 1828-1906",Hedda Gabler,4093
"Dumas, Alexandre, 1802-1870",The three musketeers,1257
"Hartley, Florence","The Ladies' Book of Etiquette, and Manual of PolitenessA Complete Hand Book for the Use of the Lady in Polite Society",35123
"Wilde, Oscar, 1854-1900",De Profundis,921
"Livy, 59 BCE-16","The History of Rome, Books 01 to 08",19725
"Northup, Solomon, 1808-1863?","Twelve Years a SlaveNarrative of Solomon Northup, a Citizen of New-York, Kidnapped in Washington City in 1841, and Rescued in 1853, from a Cotton Plantation near the Red River in Louisiana",45631
"Aristotle, 385 BCE-323 BCE",The Poetics of Aristotle,1974
Apicius,Cookery and Dining in Imperial Rome,29728
"Herodotus, 481? BCE-421? BCE",The History of Herodotus — Volume 1,2707
"Poe, Edgar Allan, 1809-1849",The Works of Edgar Allan Poe — Volume 1,2147
"Berens, E. M.",Myths and Legends of Ancient Greece and Rome,22381
"Nietzsche, Friedrich Wilhelm, 1844-1900","The Twilight of the Idols; or, How to Philosophize with the Hammer. The AntichristComplete Works, Volume Sixteen",52263
"Emerson, Ralph Waldo, 1803-1882",Essays by Ralph Waldo Emerson,16643
"Epictetus, 55-135",The Enchiridion,45109
"Josephus, Flavius, 38?-100?","The Wars of the Jews; Or, The History of the Destruction of Jerusalem",2850
"Garis, Howard Roger, 1873-1962",Daddy Takes Us to the GardenThe Daddy Series for Little Folks,14859
"Hugo, Victor, 1802-1885",Notre-Dame de Paris,2610
United States,The United States Bill of RightsThe Ten Original Amendments to the Constitution of the United States,2
"Nietzsche, Friedrich Wilhelm, 1844-1900","The Birth of Tragedy; or, Hellenism and Pessimism",51356
"Wharton, Edith, 1862-1937",The Age of Innocence,541
"Sewell, Anna, 1820-1878",Black Beauty,271
"Wright, Orville, 1871-1948",The Early History of the Airplane,25420
"Smith, Adam, 1723-1790",An Inquiry into the Nature and Causes of the Wealth of Nations,3300
"Dickinson, Emily, 1830-1886","Poems by Emily Dickinson, Three Series, Complete",12242
"Marcus Aurelius, Emperor of Rome, 121-180",The Meditations of the Emperor Marcus Aurelius AntoninusA new rendering based on the Foulis translation of 1742,55317
"Poe, Edgar Allan, 1809-1849",The Fall of the House of Usher,932
"Polidori, John William, 1795-1821",The Vampyre; a Tale,6087
"Davis, E. H. (Edwin Hamilton), 1811-1888","Ancient Monuments of the Mississippi ValleySmithsonian Contributions to Knowledge, Vol. I.",49668
"Forster, E. M. (Edward Morgan), 1879-1970",A Passage to India,61221
,"The Song Celestial; Or, Bhagavad-Gîtâ (from the Mahâbhârata)Being a discourse between Arjuna, Prince of India, and the Supreme Being under the form of Krishna",2388
"Hardy, Thomas, 1840-1928",Tess of the d'Urbervilles: A Pure Woman,110
"Dostoyevsky, Fyodor, 1821-1881",The Grand Inquisitor,8578
"Boethius, 480-525?",The Consolation of Philosophy,14328
"Leblanc, Maurice, 1864-1941","The Extraordinary Adventures of Arsène Lupin, Gentleman-Burglar",6133
"Webster, John, 1580?-1625?",The Duchess of Malfi,2232
"Mansfield, Katherine, 1888-1923","The Garden Party, and Other Stories",1429
"Dante Alighieri, 1265-1321",The Divine Comedy of Dante Alighieri: The Inferno,41537
"Plato, 428? BCE-348? BCE",Symposium,1600
"Leroux, Gaston, 1868-1927",The Phantom of the Opera,175
"Wu, Cheng'en, 1500?-1582?",西遊記,23962
"Gaskell, Elizabeth Cleghorn, 1810-1865",North and South,4276
"Pope, Alexander, 1688-1744","The Works of Alexander Pope, Volume 1Poetry - Volume 1",32190
"Rostand, Edmond, 1868-1918",Cyrano de Bergerac,1254
"Goldsmith, Oliver, 1730?-1774","She Stoops to Conquer; Or, The Mistakes of a Night: A Comedy",383
"Thompson, D'Arcy Wentworth, 1860-1948",On Growth and Form,55264
"Grant, Ulysses S. (Ulysses Simpson), 1822-1885","Personal Memoirs of U. S. Grant, Complete",4367
"Twain, Mark, 1835-1910",Life on the Mississippi,245
"Cankar, Ivan, 1876-1918",Erotika,73185
"Hume, David, 1711-1776",A Treatise of Human Nature,4705
"Zamiatin, Evgenii Ivanovich, 1884-1937",We,61963
"Washington, Booker T., 1856-1915",Up from Slavery: An Autobiography,2376
"Henderson, G. F. R. (George Francis Robert), 1854-1903",Stonewall Jackson and the American Civil War,12233
"Chekhov, Anton Pavlovich, 1860-1904",The Lady with the Dog and Other Stories,13415
"AlHydar, Majid",Tribute to Michael Hart,43007
,Best Russian Short Stories,13437
"Dante Alighieri, 1265-1321",La Divina Comedia,57303
"Le Queux, William, 1864-1927",Behind the bronze door,73266
"Fleming, Walter L. (Walter Lynwood), 1874-1932",Civil War and Reconstruction in Alabama,41680
"Wilde, Oscar, 1854-1900","Poems, with The Ballad of Reading Gaol",1057
"Thornbury, Walter, 1828-1876",Haunted London,41580
"Ibsen, Henrik, 1828-1906",Ghosts,8121
"Čapek, Karel, 1890-1938",R.U.R. (Rossum's Universal Robots)A Fantastic Melodrama in Three Acts and an Epilogue,59112
"Kant, Immanuel, 1724-1804",Perpetual Peace: A Philosophical Essay,50922
"Dickens, Charles, 1812-1870",Bleak House,1023
"Hoffmann, Heinrich, 1809-1894",Der Struwwelpeteroder lustige Geschichten und drollige Bilder,24571
"Wharton, Edith, 1862-1937",Ethan Frome,4517
"Hotten, John Camden, 1832-1873","The slang dictionary :  Etymological, historical and anecdotal",42108
"Christie, Agatha, 1890-1976",Poirot Investigates,61262
"Shakespeare, William, 1564-1616",The Tragedy of King Lear,1532
"Jefferson, Thomas, 1743-1826",The Declaration of Independence of the United States of America,1
"Doyle, Arthur Conan, 1859-1930",The Memoirs of Sherlock Holmes,834
"Congreve, William, 1670-1729",The Way of the World,1292
"Collins, W. W. (William Wiehe), 1862-1951",Cathedral Cities of Spain,40356
"Burnett, Frances Hodgson, 1849-1924",The Secret Garden,113
"Henry, Thomas R. (Thomas Robert), 1893-",The Strangest Things in the World: A Book About Extraordinary Manifestations of Nature,67223
"Lovecraft, H. P. (Howard Phillips), 1890-1937",The call of Cthulhu,68283
"Hyde, Walter Woodburn, 1871-1966",Olympic Victor Monuments and Greek Athletic Art,61792
"Macaulay, Thomas Babington Macaulay, Baron, 1800-1859","Critical, Historical, and Miscellaneous Essays; Vol. 2With a Memoir and Index",55902
Anonymous,The International Jew : The World's Foremost Problem,37539
"La Bruyère, Jean de, 1645-1696","The ""Characters"" of Jean de La Bruyère",46633
"Augustine, Saint, Bishop of Hippo, 354-430","The City of God, Volume II",45305
"Proust, Marcel, 1871-1922",Swann's Way,7178
"Grahame, Kenneth, 1859-1932",The Wind in the Willows,289
,"Doctrina ChristianaThe first book printed in the Philippines, Manila, 1593.",16119
"Wells-Barnett, Ida B., 1862-1931",Southern Horrors: Lynch Law in All Its Phases,14975
"Thurston, Edgar, 1855-1935",Omens and Superstitions of Southern India,35690
"Descartes, René, 1596-1650",Discourse on the Method of Rightly Conducting One's Reason and of Seeking Truth in the Sciences,59
"Housman, A. E. (Alfred Edward), 1859-1936",A Shropshire Lad,5720
"Petronius Arbiter, 20-66",The Satyricon — Complete,5225
"Wells-Barnett, Ida B., 1862-1931",The Red RecordTabulated Statistics and Alleged Causes of Lynching in the United States,14977
"Conway, Moncure Daniel, 1832-1907",Demonology and Devil-lore,40686
"Oman, Charles, 1860-1946","A history of the Peninsular War, Vol. 4, Dec. 1810-Dec. 1811 :  Massena's retreat, Fuentes de Oñoro, Albuera, Tarragona",56812
"Wollstonecraft, Mary, 1759-1797",A Vindication of the Rights of WomanWith Strictures on Political and Moral Subjects,3420
"Polo, Marco, 1254-1324",The Travels of Marco Polo — Volume 1,10636
"Rowlandson, Mary White, 1635?-1711",Narrative of the Captivity and Restoration of Mrs. Mary Rowlandson,851
"Frost, Robert, 1874-1963",Selected Poems,59824
"Stevenson, Robert Louis, 1850-1894",The Strange Case of Dr. Jekyll and Mr. Hyde,42
"Emerson, Ralph Waldo, 1803-1882",Nature,29433
"Verne, Jules, 1828-1905",A Journey to the Centre of the Earth,18857
"Tozer, A. W. (Aiden Wilson), 1897-1963",The Pursuit of God,25141
"Burnett, Frances Hodgson, 1849-1924",A Little PrincessBeing the whole story of Sara Crewe now told for the first time,146
"Euripides, 481? BCE-407 BCE",Medea of Euripides,35451
"Pocock, Roger, 1865-1941",Horses,73259
"Twain, Mark, 1835-1910","The Mysterious Stranger, and Other Stories",3186
"Tocqueville, Alexis de, 1805-1859",Democracy in America — Volume 2,816
"Karpinski, Louis Charles, 1878-1956",The Hindu-Arabic Numerals,22599
"Merle d'Aubigné, J. H. (Jean Henri), 1794-1872",History of the Reformation in Europe in the Time of Calvin. Vol. 4 (of 8),60035
"Masters, Edgar Lee, 1868-1950",Spoon River Anthology,26471
"Fitzgerald, F. Scott (Francis Scott), 1896-1940",This Side of Paradise,805
"Carroll, Lewis, 1832-1898",Alice's Adventures in Wonderland,19033
"Gay, John, 1685-1732",The Beggar's Opera; to Which is Prefixed the Musick to Each Song,25063
"Nixon-Roulet, Mary F., -1930",Japanese folk stories and fairy tales,73293
"Napoleon I, Emperor of the French, 1769-1821","Napoleon's Letters to Josephine, 1796-1812For the First Time Collected and Translated, with Notes Social, Historical, and Chronological, from Contemporary Sources",37499
"Pigafetta, Antonio, 1480?-1534?","The Philippine Islands, 1493-1898, Volume 33, 1519-1522Explorations by early navigators, descriptions of the islands and their peoples, their history and records of the Catholic missions, as related in contemporaneous books and manuscripts, showing the political, economic, commercial and religious conditions of those islands from their earliest relations with European nations to the close of the nineteenth century",42884
,Filipino Popular Tales,8299
"Milton, John, 1608-1674",Paradise Lost,20
"Xenophon, 432 BCE-351? BCE",Anabasis,1170
"Wilde, Oscar, 1854-1900",The Picture of Dorian Gray,4078
Anonymous,Ibong AdarnaCorrido at Buhay na Pinagdaanan nang tatlong Principeng Magcacapatid na Anac nang Haring Fernando at nang Reina Valeriana sa Cahariang Berbania,16157
"Schopenhauer, Arthur, 1788-1860",The World as Will and Idea (Vol. 1 of 3),38427
"Hardy, G. H. (Godfrey Harold), 1877-1947",A Course of Pure MathematicsThird Edition,38769
"Bede, the Venerable, Saint, 673-735",Bede's Ecclesiastical History of England,38326
"Virgil, 71 BCE-20 BCE",The Aeneid,228
"Defoe, Daniel, 1661?-1731","A Journal of the Plague YearBeing Observations or Memorials of the Most Remarkable Occurrences, as Well Public as Private, Which Happened in London During the Last Great Visitation in 1665. Written by a Citizen Who Continued All the While in London",376
"Collins, Wilkie, 1824-1889",The Woman in White,583
"Backus, W. Elwyn (Waldo Elwyn), 1892-1979",The waning of a world,73270
"Christie, Agatha, 1890-1976",The Murder on the Links,58866
"Merle d'Aubigné, J. H. (Jean Henri), 1794-1872","History of the Reformation in Europe in the Time of Calvin, Vol. 7 (of 8)",61913
"Montgomery, L. M. (Lucy Maud), 1874-1942",Anne of Avonlea,47
"Dewey, John, 1859-1952",Democracy and Education: An Introduction to the Philosophy of Education,852
"Brooks, David Marshall, 1902-",The Necessity of Atheism,20248
"Rachinskii, Sergei Aleksandrovich, 1836-1902",1001 задача для умственного счета,16527
"Thackeray, William Makepeace, 1811-1863",Vanity Fair,599
"Andersen, H. C. (Hans Christian), 1805-1875",Andersen's Fairy Tales,1597
"Nordenskiöld, Erland, 1877-1932",Indianerleben :  El gran Chaco (Südamerika),73205
"Crane, Stephen, 1871-1900",The Red Badge of Courage: An Episode of the American Civil War,73
"Foxe, John, 1516-1587","Fox's Book of MartyrsOr A History of the Lives, Sufferings, and TriumphantDeaths of the Primitive Protestant Martyrs",22400
"Collodi, Carlo, 1826-1890",The Adventures of Pinocchio,500
,Philippine Folk Tales,12814
United States. Office of Strategic Services,Simple Sabotage Field Manual,26184
"Pope, Alexander, 1688-1744","The Rape of the Lock, and Other Poems",9800
"Thomas, à Kempis, 1380-1471",The Imitation of Christ,1653
"Teichner, Albert",The wellsprings of space,73226
"Falkner, John Meade, 1858-1932",雲形紋章,35018
"Scott, Walter, 1771-1832",Ivanhoe: A Romance,82
"Plato, 428? BCE-348? BCE",The Republic of Plato,55201
"Carlyle, Thomas, 1795-1881","On Heroes, Hero-Worship, and the Heroic in History",1091
"Aesop, 621? BCE-565? BCE",The Aesop for ChildrenWith pictures by Milo Winter,19994
"Cicero, Marcus Tullius, 107 BCE-44 BCE","Cicero's Tusculan DisputationsAlso, Treatises On The Nature Of The Gods, And On The Commonwealth",14988
"Eliot, T. S. (Thomas Stearns), 1888-1965",The Waste Land,1321
"Reinhardt, Louise, 1866-",Spanish Tales for Beginners,36805
"Collins, Wilkie, 1824-1889",The Moonstone,155
"Keats, John, 1795-1821",Lamia,2490
"Deniker, Joseph, 1852-1918",The Races of Man: An Outline of Anthropology and Ethnography,46848
"Dickens, Charles, 1812-1870",A Christmas Carol,24022
"Bromfield, Louis, 1896-1956",Possession :  a novel,73188
"Walpole, Horace, 1717-1797",The Castle of Otranto,696
"Humboldt, Alexander von, 1769-1859",Views of nature: or Contemplations on the sublime phenomena of creationwith scientific illustrations,67684
"Doyle, Arthur Conan, 1859-1930",The Return of Sherlock Holmes,108
"Erasmus, Desiderius, 1469-1536",In Praise of FollyIllustrated with Many Curious Cuts,30201
"Tagore, Rabindranath, 1861-1941","The Hungry Stones, and Other Stories",2518
"Oman, Charles, 1860-1946","A history of the Peninsular War, Vol. 3, Sep. 1809-Dec. 1810 :  Ocaña, Cadiz, Bussaco, Torres Vedras",55231
"Cooper, James Fenimore, 1789-1851",The Spy,26272
"Doré, Gustave, 1832-1883","The Doré Bible Gallery, CompleteContaining One Hundred Superb Illustrations, and a Page of Explanatory Letter-press Facing Each",8710
"Toomer, Jean, 1894-1967",Cane,60093
"Russell, R. V. (Robert Vane), 1873-1915","The Tribes and Castes of the Central Provinces of India, Volume 1",20583
"Galsworthy, John, 1867-1933","The Forsyte Saga, Volume I.The Man Of Property",2559
"Suetonius, 69?-122?","The Lives of the Twelve Caesars, Complete",6400
"Hartley, Cecil B.",The Gentlemen's Book of Etiquette and Manual of PolitenessBeing a Complete Guide for a Gentleman's Conduct in All His Relations Towards Society,39293
"Montgomery, L. M. (Lucy Maud), 1874-1942",Anne of the Island,51
"Coleridge, Samuel Taylor, 1772-1834","Lyrical Ballads, With a Few Other Poems (1798)",9622
"Dumas, Alexandre, 1802-1870",Les trois mousquetaires,13951
"Tenniel, John, 1820-1914",The Tenniel Illustrations for Carroll's Alice in Wonderland,114
"Greenaway, Kate, 1846-1901",Language of Flowers,31591
"James, William, 1842-1910","The Will to Believe, and Other Essays in Popular Philosophy",26659
"Shaw, Bernard, 1856-1950",Mrs. Warren's Profession,1097
"Nietzsche, Friedrich Wilhelm, 1844-1900","Ecce HomoComplete Works, Volume Seventeen",52190
"Marlowe, Christopher, 1564-1593","The Works of Christopher Marlowe, Vol. 3 (of 3)",21262
"Abbott, Edwin Abbott, 1838-1926",Flatland: A Romance of Many Dimensions,201
"Baudelaire, Charles, 1821-1867",Les Fleurs du Mal,6099
"Turner, Frederick Jackson, 1861-1932",The Frontier in American History,22994
"Werner, E. T. C. (Edward Theodore Chalmers), 1864-1954",Myths and Legends of China,15250
"Gilman, Charlotte Perkins, 1860-1935",Herland,32
"Sterne, Laurence, 1713-1768","The Life and Opinions of Tristram Shandy, Gentleman",1079
"Lovecraft, H. P. (Howard Phillips), 1890-1937",The quest of Iranon,73182
"James, Henry, 1843-1916",The Beast in the Jungle,1093
"Rousseau, Jean-Jacques, 1712-1778",The Confessions of Jean Jacques Rousseau — Complete,3913
"Andersen, H. C. (Hans Christian), 1805-1875",Fairy Tales of Hans Christian Andersen,27200
"Rabelais, François, 1490?-1553?",Gargantua and Pantagruel,1200
"Farmer, Philip José, 1918-2009",Tongues of the Moon,73304
"Roget, Peter Mark, 1779-1869",Roget's Thesaurus of English Words and Phrases,10681
"Anderson, Sherwood, 1876-1941","Winesburg, Ohio: A Group of Tales of Ohio Small Town Life",416
"Masters, Edgar Lee, 1868-1950",Spoon River Anthology,1280
"Lang, Andrew, 1844-1912",The Blue Fairy Book,503
"Boutell, Charles, 1812-1877",The Handbook to English Heraldry,23186
"Lovecraft, H. P. (Howard Phillips), 1890-1937",The thing on the door-step,73230
"Curtin, Jeremiah, 1835-1906","Seneca Fiction, Legends, and MythsThirty-Second Annual Report of the Bureau of American Ethnology; 1910-1911",64176
"Dick, Philip K., 1928-1982",Second Variety,32032
"Barnum, P. T. (Phineas Taylor), 1810-1891","The Art of Money Getting; Or, Golden Rules for Making Money",8581
"Chinard, Gilbert, 1881-1972","Thomas Jefferson, the Apostle of Americanism",38073
"Barrie, J. M. (James Matthew), 1860-1937",Peter and Wendy,26654
"Nesbit, E. (Edith), 1858-1924",The Railway Children,1874
"Scott, Walter, 1771-1832",The Lady of the Lake,3011
"Nietzsche, Friedrich Wilhelm, 1844-1900",Also sprach Zarathustra: Ein Buch für Alle und Keinen,7205
"Murasaki Shikibu, 978?-",The Tale of Genji,66057
"Jacobs, W. W. (William Wymark), 1863-1943","The Monkey's PawThe Lady of the Barge and Others, Part 2.",12122
,Told in the gardens of Araby (untranslated until now),73256
"Wharton, Edith, 1862-1937",The House of Mirth,284
"Burroughs, Edgar Rice, 1875-1950",A Princess of Mars,62
"Boyd, Mary Stuart, -1937","The Fortunate Isles: Life and Travel in Majorca, Minorca and Iviza",39199
"Sanger, William W., 1819-1872","The History of Prostitution: Its Extent, Causes, and Effects throughout the World",41873
"Rousseau, Jean-Jacques, 1712-1778",The Social Contract & Discourses,46333
None,"The Bible, Douay-Rheims, CompleteThe Challoner Revision",8300
"Bunyan, John, 1628-1688","The Pilgrim's Progress from this world to that which is to comeDelivered under the similitude of a dream, by John Bunyan",131
Laozi,Dao De Jing: A Minimalist Translation,49965
"Post, Emily, 1873-1960",Etiquette,14314
"Julian, of Norwich, 1343-",Revelations of Divine Love,52958
"La Rochefoucauld, François duc de, 1613-1680",Reflections; or Sentences and Moral Maxims,9105
United States. Central Intelligence Agency,The 2010 CIA World Factbook,35830
"Wertenbaker, Thomas Jefferson, 1879-1966",Give Me Liberty: The Struggle for Self-Government in Virginia,34455
"Mackay, Charles, 1814-1889",Memoirs of Extraordinary Popular Delusions and the Madness of Crowds,24518
Vitruvius Pollio,The Ten Books on Architecture,20239
"Dutton, Charles J. (Charles Judson), 1888-1964",The crooked cross,73254
None,"The Story of Beowulf, Translated from Anglo-Saxon into Modern English Prose",50742
"Hugo, Victor, 1802-1885",Notre-Dame de Paris - Tome 1,70891
"Casey, John, 1820-1891",The First Six Books of the Elements of Euclid,21076
"Chesterton, G. K. (Gilbert Keith), 1874-1936",The Man Who Was Thursday: A Nightmare,1695
"Lovecraft, H. P. (Howard Phillips), 1890-1937",The haunter of the dark,73233
"Speed, Harold, 1873-1957",The Practice and Science of Drawing,14264
"Jonson, Ben, 1573?-1637",The Alchemist,4081
"Grose, Francis, 1731?-1791",1811 Dictionary of the Vulgar Tongue,5402
"Dumas, Alexandre, 1802-1870","Le comte de Monte-Cristo, Tome I",17989
"Tolstoy, Leo, graf, 1828-1910","What Men Live By, and Other Tales",6157
"Barrows, David P., 1873-1954",A History of the Philippines,38269
"Long, Frank Belknap, 1903-1994",Mr. Caxton draws a Martian bird,73326
"Durkheim, Émile, 1858-1917",The Elementary Forms of the Religious Life,41360
"Gowen, Vincent H. (Vincent Herbert), 1893-1984",Sun and moon,73324
"Lovecraft, H. P. (Howard Phillips), 1890-1937",The shadow over Innsmouth,73181
"Camões, Luís de, 1524?-1580",Os Lusíadas,3333
"Fox-Davies, Arthur Charles, 1871-1928",A Complete Guide to Heraldry,41617
"Hamilton, Alexander, 1757-1804",The Federalist Papers,1404
"Babbage, Charles, 1791-1871",Passages from the Life of a Philosopher,57532
"Three Initiates, 1862-1932",The KybalionA Study of The Hermetic Philosophy of Ancient Egypt and Greece,14209
"Poe, Edgar Allan, 1809-1849",The Masque of the Red Death,1064
"Cooper, James Fenimore, 1789-1851",The Last of the Mohicans; A narrative of 1757,940
"Christie, Agatha, 1890-1976",The mystery of the Blue Train,72824
"Morgan, Lewis Henry, 1818-1881","Ancient SocietyOr, Researches in the Lines of Human Progress from Savagery, through Barbarism to Civilization",45950
"Stevenson, Robert Louis, 1850-1894",Kidnapped,421
"Darwin, Charles, 1809-1882","The Origin of Species by Means of Natural SelectionOr, the Preservation of Favoured Races in the Struggle for Life, 6th Edition",2009
"Culpeper, Nicholas, 1616-1654","The Complete HerbalTo which is now added, upwards of one hundred additional herbs, with a display of their medicinal and occult qualities physically applied to the cure of all disorders incident to mankind: to which are now first annexed, the English physician enlarged, and key to Physic.",49513
"Twain, Mark, 1835-1910",Roughing It,3177
"Muller, Samuel, 1848-1922",Geschiedenis der Noordsche Compagnie,41287
"Galsworthy, John, 1867-1933",Justice,2911
"Franklin, Benjamin, 1706-1790","Benjamin Franklin :  Representative selections, with introduction, bibliograpy, and notes",35508
"Rizal, José, 1861-1896",Rizal's own story of his life,48438
"Cieza de León, Pedro de, 1518-1554","The travels of Pedro de Cieza de Léon, A.D. 1532-50,contained in the first part of his Chronicle of Peru",48770
"Stopes, C. C. (Charlotte Carmichael), 1840-1929",Shakespeare's family,26315
"Doyle, Arthur Conan, 1859-1930",The Valley of Fear,3289
"Mill, John Stuart, 1806-1873",Utilitarianism,11224
"Eliot, George, 1819-1880",The Mill on the Floss,6688
"Aesop, 621? BCE-565? BCE",Aesop's FablesTranslated by George Fyler Townsend,21
"Hamilton, A. (Angus), 1874-1913",Afghanistan,73258
"Eliot, George, 1819-1880",Silas Marner,550
"Baum, L. Frank (Lyman Frank), 1856-1919",Dorothy and the Wizard in Oz,22566
"Allen, James, 1864-1912",As a Man Thinketh,4507
None,"Thet Oera Linda Bok, Naar een Handschrift uit de Dertiende Eeuw",30467
"Yogananda, Paramahansa, 1893-1952",Autobiography of a Yogi,7452
"Warden, Florence, 1857-1929",The mill house mystery,73223
"Defoe, Daniel, 1661?-1731","A General History of the Pyrates:from their first rise and settlement in the island of Providence, to the present time",40580
"Gillette, F. L. (Fanny Lemira), 1828-1926","The Whitehouse Cookbook (1887)Cooking, Toilet and Household Recipes, Menus, Dinner-Giving, Table Etiquette, Care of the Sick, Health Suggestions, Facts Worth Knowing, Etc., Etc.The Whole Comprising a Comprehensive Cyclopedia of Information for the Home",13923
"Von Arnim, Elizabeth, 1866-1941",Love,73308
"Graves, Kersey, 1813-1883","The World's Sixteen Crucified Saviors; Or, Christianity Before Christ",38600
"Orczy, Emmuska Orczy, Baroness, 1865-1947",The Scarlet Pimpernel,60
"Patmore, Coventry, 1823-1896",The Angel in the House,4099
"Mahan, A. T. (Alfred Thayer), 1840-1914","The Influence of Sea Power Upon History, 1660-1783",13529
"Wilde, Oscar, 1854-1900",Lady Windermere's Fan,790
"Austen, Jane, 1775-1817",Pride and Prejudice,42671
"Shakespeare, William, 1564-1616","Twelfth Night; Or, What You Will",1526
"Nietzsche, Friedrich Wilhelm, 1844-1900","Human, All Too Human: A Book for Free Spirits",38145
"Shaw, Bernard, 1856-1950",Arms and the Man,3618
"Perrault, Charles, 1628-1703",The Fairy Tales of Charles Perrault,29021
"Shakespeare, William, 1564-1616",Shakespeare's Sonnets,1041
"Apollonius, Rhodius",The Argonautica,830
Anonymous,El libro de las mil noches y una noche; t. 1,47287
"Knox, Ronald Arbuthnott, 1888-1957",The three taps :  A detective story without a moral,73198
"Farmer, Philip José, 1918-2009",The celestial blueprint,73314
"Smith, Evelyn E., 1922-2000",Woman's touch,73385
"Knowles, James, Sir, 1831-1908",The Legends of King Arthur and His Knights,12753
"Upward, Allen, 1863-1926",A crown of straw,73325
"Freud, Sigmund, 1856-1939",The Interpretation of Dreams,66048
"Du Bois, W. E. B. (William Edward Burghardt), 1868-1963",Darkwater: Voices from Within the Veil,15210
"Wittenmyer, Annie, 1827-1900",Under the guns :  A woman's reminiscences of the Civil War,73190
"Lovecraft, H. P. (Howard Phillips), 1890-1937",The trap,73243
"Cao, Xueqin, 1717?-1763",紅樓夢,24264
"Stevenson, Robert Louis, 1850-1894",A Child's Garden of Verses,25609
"Walton, O. F., Mrs., 1849-1939",Taken or left,73331
"Kant, Immanuel, 1724-1804",Fundamental Principles of the Metaphysic of Morals,5682
"Geikie, Archibald, 1835-1924",The birds of Shakespeare,73281
"Aesop, 621? BCE-565? BCE",Aesop's Fables - Volume 01,19616
"Wilde, Oscar, 1854-1900",An Ideal Husband,885
"Homer, 751? BCE-651? BCE",The Iliad of HomerTranslated into English Blank Verse by William Cowper,16452
"Sayers, Dorothy L. (Dorothy Leigh), 1893-1957",Lord Peter views the body,73295
"Grahame, Kenneth, 1859-1932",The Wind in the Willows,27805
"Dickens, Charles, 1812-1870",A Christmas Carol,19337
"Brontë, Charlotte, 1816-1855",Villette,9182
,Kalevala : the Epic Poem of Finland — Complete,5186
"James, Henry, 1843-1916",Daisy Miller: A Study,208
"Plato, 428? BCE-348? BCE",Timaeus,1572
"Lang, Andrew, 1844-1912",The Arabian Nights Entertainments,128
"Hahn, George R., 1923-1991",Gangway for Homer,73220
Procopius,"History of the Wars, Books III and IV: The Vandalic War",16765
"Poe, Edgar Allan, 1809-1849",The Cask of Amontillado,1063
"Maugham, W. Somerset (William Somerset), 1874-1965",The Moon and Sixpence,222
Diogenes [pseudonym],Life in a tub; with a description of the Turkish bath,73251
"Gogol, Nikolai Vasilevich, 1809-1852",Dead Souls,1081
"Heintze, Albert, 1831-1906","Die Deutschen Familiennamen, geschichtlich, geographisch, sprachlich",58804
"Tolstoy, Leo, graf, 1828-1910",What Is Art?,64908
"Bianco, Margery Williams, 1881-1944",The Velveteen Rabbit,11757
"D'Ooge, Benjamin L. (Benjamin Leonard), 1860-1940",Latin for Beginners,18251
"Cervantes Saavedra, Miguel de, 1547-1616","The History of Don Quixote, Volume 1, Complete",5921
"Pérez Galdós, Benito, 1843-1920",Doña Perfecta,15725
"Beston, Henry, 1888-1968",The outermost house :  A year of life on the great beach of Cape Cod,73328
"Shakespeare, William, 1564-1616",The Merchant of Venice,1515
"Van Loan, Charles E. (Charles Emmett), 1876-1919",Old Man Curry: Race Track Stories,29093
"Mooney, James, 1861-1921",Myths of the CherokeeExtract from the Nineteenth Annual Report of the Bureau of American Ethnology,45634
"Sacher-Masoch, Leopold, Ritter von, 1835-1895",Venus in Furs,6852
"Russell, E. S. (Edward Stuart), 1887-1954",Form and Function: A Contribution to the History of Animal Morphology,20426
"Wilde, Oscar, 1854-1900",Salomé: A Tragedy in One Act,42704
"Plutarch, 46-120?","Plutarch's Lives, Volume 1 (of 4)",14033
"Magnay, William, Sir, 1855-1917",A prince of lovers :  A romance,73269
"Fournier d'Albe, E. E. (Edmund Edward), 1868-1933","Hephæstus; or, The soul of the machine",73186
,Project Gutenberg DVD: The July 2006 Special,19159
"Miller, Warren H. (Warren Hastings), 1876-1960",Red Mesa :  A tale of the southwest,73274
"Spyri, Johanna, 1827-1901",A little Swiss boy,73300
"Twain, Mark, 1835-1910","Eve's Diary, Complete",8525
"Capablanca, José Raúl, 1888-1942",Chess Fundamentals,33870
"Lawrence, of the Resurrection, Brother, 1611-1691",The Practice of the Presence of God,5657
"Cheiro, 1866-1936",Palmistry for All,20480
"Lawrence, D. H. (David Herbert), 1885-1930",Lady Chatterley's lover,73144
"Scott, S. P. (Samuel Parsons), 1846-1929","History of the Moorish Empire in Europe, Vol. 1 (of 3)",73203
"Hume, David, 1711-1776",An Enquiry Concerning the Principles of Morals,4320
"Rhoades, Nina, 1863-1940",Four girls of forty years ago,73301
"Rhodes, Eugene Manlove, 1869-1934","Good men and true, and Hit the line hard",73330
"Saleeby, Najeeb M. (Najeeb Mitry), 1870-",The History of Sulu,41771
"Luther, Martin, 1483-1546",Commentary on the Epistle to the Galatians,1549
"Newton, Isaac, 1642-1727",Philosophiae Naturalis Principia Mathematica,28233
"Kleiser, Grenville, 1868-1953",Fifteen Thousand Useful Phrases,26225
,The Anglo-Saxon Chronicle,657
"Schopenhauer, Arthur, 1788-1860",Essays of Schopenhauer,11945
"Burroughs, Edgar Rice, 1875-1950",Tarzan of the Apes,78
"Newton, Isaac, 1642-1727","The Chronology of Ancient Kingdoms AmendedTo which is Prefix'd, A Short Chronicle from the First Memory of Things in Europe, to the Conquest of Persia by Alexander the Great",15784
"Thorne, Eglanton, 1852-1907",Worthy of his name,73340
"Müller, F. Max (Friedrich Max), 1823-1900",India: What can it teach us?A Course of Lectures Delivered before the University Of Cambridge,20847
"Porter, Eleanor H. (Eleanor Hodgman), 1868-1920",Pollyanna,1450
,Sir Gawayne and the Green KnightAn Alliterative Romance-Poem (c. 1360 A.D.),14568
"A. L. O. E., 1821-1893","The battle of life :  or, What is a Christian",73275
"MacDonald, George, 1824-1905",The Princess and the Goblin,708
"Carroll, Lewis, 1832-1898",Alice's Adventures in WonderlandIllustrated by Arthur Rackham. With a Proem by Austin Dobson,28885
"Twain, Mark, 1835-1910",Extract from Captain Stormfield's Visit to Heaven,1044
"Calderón, Sofronio G., 1878-1954?",Diccionario Ingles-Español-TagalogCon partes de la oracion y pronunciacion figurada,20738
"Pyle, Howard, 1853-1911",The Merry Adventures of Robin Hood,10148
"Díaz del Castillo, Bernal, 1496-1584","The Memoirs of the Conquistador Bernal Diaz del Castillo, Vol 1 (of 2)Written by Himself Containing a True and Full Account of the Discovery and Conquest of Mexico and New Spain.",32474
"Wells, H. G. (Herbert George), 1866-1946",A Short History of the World,35461
"Chesterton, G. K. (Gilbert Keith), 1874-1936",The innocence of Father Brown,204
"Keller, Helen, 1880-1968","The Story of My LifeWith her letters (1887-1901) and a supplementary account of her education, including passages from the reports and letters of her teacher, Anne Mansfield Sullivan, by John Albert Macy",2397
,"Les mille et une nuits, tome premier",26296
"Day, Lal Behari, 1826-1894",Folk-Tales of Bengal,38488
"Lea, Henry Charles, 1825-1909",A History of the Inquisition of the Middle Ages; volume I,39451
"Cheyne, T. K. (Thomas Kelly), 1841-1915","Job and Solomon: Or, The Wisdom of the Old Testament",65866
"Chaucer, Geoffrey, 1343?-1400","The Canterbury Tales, and Other Poems",2383
"Christie, Agatha, 1890-1976",The Secret Adversary,1155
,The King's Mirror (Speculum regale-Konungs skuggsjá),61264
"Doyle, Arthur Conan, 1859-1930",Adventures of Sherlock HolmesIllustrated,48320
"Nesbit, E. (Edith), 1858-1924",Beautiful Stories from Shakespeare,1430
Procopius,"History of the Wars, Books V and VI: The Gothic War",20298
"Ross, E. Denison (Edward Denison), Sir, 1871-1940",The heart of Asia :  A history of Russian Turkestan and the Central Asian Khanates from the earliest times,57750
"Plato, 428? BCE-348? BCE",Apology,1656
Various,Webster's Unabridged Dictionary,29765
"Brinton, Daniel G. (Daniel Garrison), 1837-1899",Nagualism: A Study in Native American Folk-lore and History,26426
"Remy, Alfred, 1870-1937",A First Spanish Reader,15353
"Quiroga, Horacio, 1878-1937",Cuentos de Amor de Locura y de Muerte,13507
"Huneker, James, 1857-1921",Franz Liszt,39754
"Lee, Stanley R., -1997",The Great Implication,73231
"Twain, Mark, 1835-1910",The Tragedy of Pudd'nhead Wilson,102
"Leblanc, Maurice, 1864-1941","Arsène Lupin, gentleman-cambrioleur",32854
"Hugo, Victor, 1802-1885",Poems,8775
"Baudin, Maurice, 1892-",Hystereo,73296
"Mille, Pierre, 1864-1941",Trois femmes,70954
"Bunyan, John, 1628-1688",The Pilgrim's Progress by John Bunyan Every Child Can Read,39452
